<?xml version="1.0" encoding="UTF-8"?><InteractionHistory Id="activity" Version="1"><InteractionEvent Delta="started" EndDate="2012-10-16 22:26:58.33 CDT" Interest="1.0" Kind="attention" Navigation="" OriginId="org.eclipse.ui.workbench" StartDate="2012-10-16 22:26:58.33 CDT" StructureHandle="org.eclipse.sdk.ide" StructureKind="lifecycle"/><InteractionEvent Delta="stopped" EndDate="2012-10-17 01:12:18.803 CDT" Interest="1.0" Kind="attention" Navigation="" OriginId="org.eclipse.ui.workbench" StartDate="2012-10-17 01:12:18.803 CDT" StructureHandle="org.eclipse.sdk.ide" StructureKind="lifecycle"/><InteractionEvent Delta="started" EndDate="2012-10-17 01:39:28.315 CDT" Interest="1.0" Kind="attention" Navigation="" OriginId="org.eclipse.ui.workbench" StartDate="2012-10-17 01:39:28.315 CDT" StructureHandle="org.eclipse.sdk.ide" StructureKind="lifecycle"/><InteractionEvent Delta="stopped" EndDate="2012-10-17 01:52:22.176 CDT" Interest="1.0" Kind="attention" Navigation="" OriginId="org.eclipse.ui.workbench" StartDate="2012-10-17 01:52:22.176 CDT" StructureHandle="org.eclipse.sdk.ide" StructureKind="lifecycle"/><InteractionEvent Delta="started" EndDate="2012-10-17 10:48:59.33 CDT" Interest="1.0" Kind="attention" Navigation="" OriginId="org.eclipse.ui.workbench" StartDate="2012-10-17 10:48:59.33 CDT" StructureHandle="org.eclipse.sdk.ide" StructureKind="lifecycle"/><InteractionEvent Delta="stopped" EndDate="2012-10-17 13:19:14.962 CDT" Interest="1.0" Kind="attention" Navigation="" OriginId="org.eclipse.ui.workbench" StartDate="2012-10-17 13:19:14.962 CDT" StructureHandle="org.eclipse.sdk.ide" StructureKind="lifecycle"/><InteractionEvent Delta="started" EndDate="2012-10-17 13:19:26.603 CDT" Interest="1.0" Kind="attention" Navigation="" OriginId="org.eclipse.ui.workbench" StartDate="2012-10-17 13:19:26.603 CDT" StructureHandle="org.eclipse.sdk.ide" StructureKind="lifecycle"/><InteractionEvent Delta="stopped" EndDate="2012-10-17 13:36:02.816 CDT" Interest="1.0" Kind="attention" Navigation="" OriginId="org.eclipse.ui.workbench" StartDate="2012-10-17 13:36:02.816 CDT" StructureHandle="org.eclipse.sdk.ide" StructureKind="lifecycle"/><InteractionEvent Delta="started" EndDate="2012-10-17 19:05:41.557 CDT" Interest="1.0" Kind="attention" Navigation="" OriginId="org.eclipse.ui.workbench" StartDate="2012-10-17 19:05:41.557 CDT" StructureHandle="org.eclipse.sdk.ide" StructureKind="lifecycle"/><InteractionEvent Delta="stopped" EndDate="2012-10-17 19:05:44.21 CDT" Interest="1.0" Kind="attention" Navigation="" OriginId="org.eclipse.ui.workbench" StartDate="2012-10-17 19:05:44.21 CDT" StructureHandle="org.eclipse.sdk.ide" StructureKind="lifecycle"/><InteractionEvent Delta="started" EndDate="2012-10-17 19:06:26.391 CDT" Interest="1.0" Kind="attention" Navigation="" OriginId="org.eclipse.ui.workbench" StartDate="2012-10-17 19:06:26.391 CDT" StructureHandle="org.eclipse.sdk.ide" StructureKind="lifecycle"/><InteractionEvent Delta="stopped" EndDate="2012-10-17 20:26:36.540 CDT" Interest="1.0" Kind="attention" Navigation="" OriginId="org.eclipse.ui.workbench" StartDate="2012-10-17 20:26:36.540 CDT" StructureHandle="org.eclipse.sdk.ide" StructureKind="lifecycle"/><InteractionEvent Delta="started" EndDate="2012-11-01 21:44:19.75 CDT" Interest="1.0" Kind="attention" Navigation="" OriginId="org.eclipse.ui.workbench" StartDate="2012-11-01 21:44:19.75 CDT" StructureHandle="org.eclipse.sdk.ide" StructureKind="lifecycle"/><InteractionEvent Delta="stopped" EndDate="2012-11-01 22:18:14.357 CDT" Interest="1.0" Kind="attention" Navigation="" OriginId="org.eclipse.ui.workbench" StartDate="2012-11-01 22:18:14.357 CDT" StructureHandle="org.eclipse.sdk.ide" StructureKind="lifecycle"/><InteractionEvent Delta="started" EndDate="2012-11-01 22:18:27.281 CDT" Interest="1.0" Kind="attention" Navigation="" OriginId="org.eclipse.ui.workbench" StartDate="2012-11-01 22:18:27.281 CDT" StructureHandle="org.eclipse.sdk.ide" StructureKind="lifecycle"/><InteractionEvent Delta="stopped" EndDate="2012-11-02 02:11:11.85 CDT" Interest="1.0" Kind="attention" Navigation="" OriginId="org.eclipse.ui.workbench" StartDate="2012-11-02 02:11:11.85 CDT" StructureHandle="org.eclipse.sdk.ide" StructureKind="lifecycle"/><InteractionEvent Delta="started" EndDate="2012-11-05 00:33:00.292 CST" Interest="1.0" Kind="attention" Navigation="" OriginId="org.eclipse.ui.workbench" StartDate="2012-11-05 00:33:00.292 CST" StructureHandle="org.eclipse.sdk.ide" StructureKind="lifecycle"/><InteractionEvent Delta="stopped" EndDate="2012-11-05 01:26:47.65 CST" Interest="1.0" Kind="attention" Navigation="" OriginId="org.eclipse.ui.workbench" StartDate="2012-11-05 01:26:47.65 CST" StructureHandle="org.eclipse.sdk.ide" StructureKind="lifecycle"/><InteractionEvent Delta="started" EndDate="2012-11-10 16:37:30.164 CST" Interest="1.0" Kind="attention" Navigation="" OriginId="org.eclipse.ui.workbench" StartDate="2012-11-10 16:37:30.148 CST" StructureHandle="org.eclipse.sdk.ide" StructureKind="lifecycle"/><InteractionEvent Delta="stopped" EndDate="2012-11-10 18:11:25.621 CST" Interest="1.0" Kind="attention" Navigation="" OriginId="org.eclipse.ui.workbench" StartDate="2012-11-10 18:11:25.621 CST" StructureHandle="org.eclipse.sdk.ide" StructureKind="lifecycle"/><InteractionEvent Delta="started" EndDate="2012-11-11 13:36:28.996 CST" Interest="1.0" Kind="attention" Navigation="" OriginId="org.eclipse.ui.workbench" StartDate="2012-11-11 13:36:28.996 CST" StructureHandle="org.eclipse.sdk.ide" StructureKind="lifecycle"/><InteractionEvent Delta="stopped" EndDate="2012-11-11 23:37:37.736 CST" Interest="1.0" Kind="attention" Navigation="" OriginId="org.eclipse.ui.workbench" StartDate="2012-11-11 23:37:37.736 CST" StructureHandle="org.eclipse.sdk.ide" StructureKind="lifecycle"/><InteractionEvent Delta="started" EndDate="2012-11-14 21:09:14.238 CST" Interest="1.0" Kind="attention" Navigation="" OriginId="org.eclipse.ui.workbench" StartDate="2012-11-14 21:09:14.238 CST" StructureHandle="org.eclipse.sdk.ide" StructureKind="lifecycle"/></InteractionHistory>